reform_id,reform_name,year,people_affected,gini_change,poverty_change_pp,poverty_change_pct
mock2_fuel_duty_hold,Fuel duty held until September 2027,2026,0.0,0.0,0.0,0.0
mock2_fuel_duty_hold,Fuel duty held until September 2027,2027,58.65634722275842,-0.0005067841943257933,0.0,0.0
mock2_fuel_duty_hold,Fuel duty held until September 2027,2028,58.25838428257873,-0.0003819140745547602,0.0,0.0
mock2_fuel_duty_hold,Fuel duty held until September 2027,2029,58.22771358281883,-0.0003694666191764272,0.0,0.0
mock2_fuel_duty_hold,Fuel duty held until September 2027,2030,58.117177506212755,-0.00034962461807434863,0.0,0.0
mock2_electricity_vat_zero,No VAT on household electricity to March 2028,2026,0.0,0.0,0.0,0.0
mock2_electricity_vat_zero,No VAT on household electricity to March 2028,2027,89.09379254878942,-0.00040737341150657647,0.0,0.0
mock2_electricity_vat_zero,No VAT on household electricity to March 2028,2028,61.73455890996308,-0.00013394990654921286,0.0,0.0
mock2_electricity_vat_zero,No VAT on household electricity to March 2028,2029,0.0,0.0,0.0,0.0
mock2_electricity_vat_zero,No VAT on household electricity to March 2028,2030,0.0,0.0,0.0,0.0
mock2_employer_ni_threshold,Employer National Insurance threshold rise,2026,0.0,0.0,0.0,0.0
mock2_employer_ni_threshold,Employer National Insurance threshold rise,2027,72.73551627681853,-0.00034768959867894196,-0.0800333,-0.6871662
mock2_employer_ni_threshold,Employer National Insurance threshold rise,2028,72.76775367386851,-0.0003414592976295456,-0.06988239,-0.59386593
mock2_employer_ni_threshold,Employer National Insurance threshold rise,2029,72.69552476570676,-0.0003346804848853642,-0.007388115,-0.062364865
mock2_employer_ni_threshold,Employer National Insurance threshold rise,2030,72.6822802432671,-0.00031311500859452856,-0.013500214,-0.10931033
mock2_cgt_rates,Capital Gains Tax rate rise,2026,0.0,0.0,0.0,0.0
mock2_cgt_rates,Capital Gains Tax rate rise,2027,1.8823863217111623,-0.005318892169084205,0.0,0.0
mock2_cgt_rates,Capital Gains Tax rate rise,2028,1.887591488969752,-0.005367834098442904,0.0,0.0
mock2_cgt_rates,Capital Gains Tax rate rise,2029,1.895901365473138,-0.005431750394858395,0.0,0.0
mock2_cgt_rates,Capital Gains Tax rate rise,2030,1.9016391070021135,-0.005464711831198985,0.0,0.0
mock2_hvcts_band,Council tax surcharge band from £1.5m,2026,0.0,0.0,0.0,0.0
mock2_hvcts_band,Council tax surcharge band from £1.5m,2027,0.0,0.0,0.0,0.0
mock2_hvcts_band,Council tax surcharge band from £1.5m,2028,0.4695759792532831,-7.515208574256103e-05,0.0,0.0
mock2_hvcts_band,Council tax surcharge band from £1.5m,2029,0.46957585658843354,-0.00010676800638493324,0.0,0.0
mock2_hvcts_band,Council tax surcharge band from £1.5m,2030,0.46957407241474325,-0.000105800357972676,0.0,0.0
mock2_state_pension_uprating,State Pension uprating: higher of CPI and 2.5%,2026,0.0,0.0,0.0,0.0
mock2_state_pension_uprating,State Pension uprating: higher of CPI and 2.5%,2027,0.0,0.0,0.0,0.0
mock2_state_pension_uprating,State Pension uprating: higher of CPI and 2.5%,2028,0.0,0.0,0.0,0.0
mock2_state_pension_uprating,State Pension uprating: higher of CPI and 2.5%,2029,0.0,0.0,0.0,0.0
mock2_state_pension_uprating,State Pension uprating: higher of CPI and 2.5%,2030,18.96012118900047,0.00043015111891722257,0.21432018,1.7798759
mock2_state_pension_personal_allowance,State Pension personal allowance,2026,0.0,0.0,0.0,0.0
mock2_state_pension_personal_allowance,State Pension personal allowance,2027,9.066289413102165,-0.0002844292990703297,-0.08032513,-0.6896718
mock2_state_pension_personal_allowance,State Pension personal allowance,2028,9.550090029855658,-0.000536649612191272,-0.14085388,-1.2031777
mock2_state_pension_personal_allowance,State Pension personal allowance,2029,10.2713216259805,-0.0007899157563654092,-0.1351471,-1.1588899
mock2_state_pension_personal_allowance,State Pension personal allowance,2030,10.63380648987726,-0.0010157288276183658,-0.079297066,-0.65854245
mock2_energy_price_payment,Energy Price Protection Payment,2026,26.743620105137843,-0.0010261070669691115,-0.080132484,-0.6933427
mock2_energy_price_payment,Energy Price Protection Payment,2027,0.0,0.0,0.0,0.0
mock2_energy_price_payment,Energy Price Protection Payment,2028,0.0,0.0,0.0,0.0
mock2_energy_price_payment,Energy Price Protection Payment,2029,0.0,0.0,0.0,0.0
mock2_energy_price_payment,Energy Price Protection Payment,2030,0.0,0.0,0.0,0.0
