reform_id,reform_name,year,policyengine_value,obr_static_value,obr_post_behavioural_value
mock2_fuel_duty_hold,Fuel duty held until September 2027,2026,0.0,,
mock2_fuel_duty_hold,Fuel duty held until September 2027,2027,-1.3790267003336663,,
mock2_fuel_duty_hold,Fuel duty held until September 2027,2028,-1.0609559650058031,,
mock2_fuel_duty_hold,Fuel duty held until September 2027,2029,-1.0521633592158008,,
mock2_fuel_duty_hold,Fuel duty held until September 2027,2030,-1.0257615212153135,,
mock2_electricity_vat_zero,No VAT on household electricity to March 2028,2026,0.0,,
mock2_electricity_vat_zero,No VAT on household electricity to March 2028,2027,-0.9366681323488397,,
mock2_electricity_vat_zero,No VAT on household electricity to March 2028,2028,-0.31347164212569606,,
mock2_electricity_vat_zero,No VAT on household electricity to March 2028,2029,0.0,,
mock2_electricity_vat_zero,No VAT on household electricity to March 2028,2030,0.0,,
mock2_employer_ni_threshold,Employer National Insurance threshold rise,2026,0.0,,
mock2_employer_ni_threshold,Employer National Insurance threshold rise,2027,-1.3173662603511276,,
mock2_employer_ni_threshold,Employer National Insurance threshold rise,2028,-1.3275786629366255,,
mock2_employer_ni_threshold,Employer National Insurance threshold rise,2029,-1.3224862695229307,,
mock2_employer_ni_threshold,Employer National Insurance threshold rise,2030,-1.313816989755335,,
mock2_cgt_rates,Capital Gains Tax rate rise,2026,0.0,,
mock2_cgt_rates,Capital Gains Tax rate rise,2027,4.421540234737838,,
mock2_cgt_rates,Capital Gains Tax rate rise,2028,4.593049965620277,,
mock2_cgt_rates,Capital Gains Tax rate rise,2029,4.7659554995975215,,
mock2_cgt_rates,Capital Gains Tax rate rise,2030,4.956569607498615,,
mock2_hvcts_band,Council tax surcharge band from £1.5m,2026,0.0,,
mock2_hvcts_band,Council tax surcharge band from £1.5m,2027,0.0,,
mock2_hvcts_band,Council tax surcharge band from £1.5m,2028,0.14955231968142696,,
mock2_hvcts_band,Council tax surcharge band from £1.5m,2029,0.15321432755437928,,
mock2_hvcts_band,Council tax surcharge band from £1.5m,2030,0.15698163627593642,,
mock2_state_pension_uprating,State Pension uprating: higher of CPI and 2.5%,2026,0.0,,
mock2_state_pension_uprating,State Pension uprating: higher of CPI and 2.5%,2027,0.0,,
mock2_state_pension_uprating,State Pension uprating: higher of CPI and 2.5%,2028,0.0,,
mock2_state_pension_uprating,State Pension uprating: higher of CPI and 2.5%,2029,0.0,,
mock2_state_pension_uprating,State Pension uprating: higher of CPI and 2.5%,2030,1.0081232117773775,,
mock2_state_pension_personal_allowance,State Pension personal allowance,2026,0.0,,
mock2_state_pension_personal_allowance,State Pension personal allowance,2027,-0.349729453719154,,
mock2_state_pension_personal_allowance,State Pension personal allowance,2028,-0.6772342605487126,,
mock2_state_pension_personal_allowance,State Pension personal allowance,2029,-1.022998821136373,,
mock2_state_pension_personal_allowance,State Pension personal allowance,2030,-1.3599787150814182,,
mock2_energy_price_payment,Energy Price Protection Payment,2026,-1.0586285007259122,,
mock2_energy_price_payment,Energy Price Protection Payment,2027,0.0,,
mock2_energy_price_payment,Energy Price Protection Payment,2028,0.0,,
mock2_energy_price_payment,Energy Price Protection Payment,2029,0.0,,
mock2_energy_price_payment,Energy Price Protection Payment,2030,0.0,,
