MOCK DATA: drill2 specimen scoring. Mixed execution provenance: H3/H5/H8 measures4and8 rerun at c156e8b7d2e4434d8dd8994c47746bd4aab885f3; remaining74 rows retained from 6fa2f5f0d795e14dc1e1367a4e45609815149678. Engine UK2.120.0/core3.32.17. All three employer-NI incidence channels are0 in BOTH scenarios. Annex numbering. H3 zero PC receipt uses a non-claiming proxy, not proven statutory ineligibility. Official key/match BLANK until16:00. UTF-8 without BOM, LF line endings, one final newline. Sources: https://github.com/PolicyEngine/uk-autumn-budget-dashboard-2026/blob/c156e8b7d2e4434d8dd8994c47746bd4aab885f3/data_inputs/mock_drill2/packet/MOCK-specimen-inputs.md . Skip this line when reading CSV.
household,measure,scoring_year,team_change,key_statutory,key_policyengine,match,cause
H1,1 fuel duty,2027-28,75.17,,,,"Annex dated fuel baseline/reform paths present in reviewed implementation; this row uses explicit fiscal monthly conversion, not a national-output rebasing claim. Method: Actual engine monthly fuel_duty summed Apr2027–Mar2028, annual litres/12 eachmonth; prescribed20%pumpVAT added to that observed duty delta. Annual native net output retained separately; no policy rates replaced.. Run SHA 6fa2f5f0d795e14dc1e1367a4e45609815149678."
H1,2 electricity VAT,2027-28,45.24,,,," Method: Sum isolated calendar2027 and2028 net effects, which implementation allocates9/12and3/12 solely to Apr2027–Mar2028. No second9/12or3/12proration.. Run SHA 6fa2f5f0d795e14dc1e1367a4e45609815149678."
H1,3 energy payment,2026-27,0.00,,,,"Payment uses FY2026model output; source now restricts to GB and UC or guarantee-credit receipt. Annual2026receipt remains declared proxy for1Dec2026, not exact-date model validation; nextyear2027output retained as one-off check. Method: Native annual model year 2026; individual registry scenario, both sides share declared static controls.. Run SHA 6fa2f5f0d795e14dc1e1367a4e45609815149678."
H1,4 State Pension Personal Allowance,2027-28,0.00,,,," Method: Native annual model year 2027; individual registry scenario, both sides share declared static controls.. Run SHA 6fa2f5f0d795e14dc1e1367a4e45609815149678."
H1,5 employer NICs,2027-28,0.00,,,,"STATICcontrol:gov.contrib.policyengine.employer_ni.{employee_incidence,consumer_incidence,capital_incidence}=0 bothscenarios. Employer saving excluded from householdincome; reviewedAnnexthreshold5000→5500; no employer cost is counted as householdincome. Method: Native annual model year 2027; individual registry scenario, both sides share declared static controls.. Run SHA 6fa2f5f0d795e14dc1e1367a4e45609815149678."
H1,6 capital gains tax,2027-28,0.00,,,," Method: Native annual model year 2027; individual registry scenario, both sides share declared static controls.. Run SHA 6fa2f5f0d795e14dc1e1367a4e45609815149678."
H1,7 surcharge,2028-29,0.00,,,," Method: Native annual model year 2028; individual registry scenario, both sides share declared static controls.. Run SHA 6fa2f5f0d795e14dc1e1367a4e45609815149678."
H1,8 State Pension uprating,2030-31,0.00,,,,"Reviewed reform now scales household State Pension by the Annex reform/baseline ratio before tax and guarantee-credit effects. FullNEW reported278*52 is a source input; scorer does not override pension outputs. H8 basic-pension amount uses declared native-level assumption; guarantee-credit offset is logged. PC earnings baseline remains native CPI. Additional/protected pension treatment is outside these specimen facts and not validated. Method: Native annual model year 2030; individual registry scenario, both sides share declared static controls.. Run SHA 6fa2f5f0d795e14dc1e1367a4e45609815149678."
H2,1 fuel duty,2027-28,50.11,,,,"Annex dated fuel baseline/reform paths present in reviewed implementation; this row uses explicit fiscal monthly conversion, not a national-output rebasing claim. Method: Actual engine monthly fuel_duty summed Apr2027–Mar2028, annual litres/12 eachmonth; prescribed20%pumpVAT added to that observed duty delta. Annual native net output retained separately; no policy rates replaced.. Run SHA 6fa2f5f0d795e14dc1e1367a4e45609815149678."
H2,2 electricity VAT,2027-28,54.76,,,," Method: Sum isolated calendar2027 and2028 net effects, which implementation allocates9/12and3/12 solely to Apr2027–Mar2028. No second9/12or3/12proration.. Run SHA 6fa2f5f0d795e14dc1e1367a4e45609815149678."
H2,3 energy payment,2026-27,150.00,,,,"Payment uses FY2026model output; source now restricts to GB and UC or guarantee-credit receipt. Annual2026receipt remains declared proxy for1Dec2026, not exact-date model validation; nextyear2027output retained as one-off check. Method: Native annual model year 2026; individual registry scenario, both sides share declared static controls.. Run SHA 6fa2f5f0d795e14dc1e1367a4e45609815149678."
H2,4 State Pension Personal Allowance,2027-28,0.00,,,," Method: Native annual model year 2027; individual registry scenario, both sides share declared static controls.. Run SHA 6fa2f5f0d795e14dc1e1367a4e45609815149678."
H2,5 employer NICs,2027-28,0.00,,,,"STATICcontrol:gov.contrib.policyengine.employer_ni.{employee_incidence,consumer_incidence,capital_incidence}=0 bothscenarios. Employer saving excluded from householdincome; reviewedAnnexthreshold5000→5500; no employer cost is counted as householdincome. Method: Native annual model year 2027; individual registry scenario, both sides share declared static controls.. Run SHA 6fa2f5f0d795e14dc1e1367a4e45609815149678."
H2,6 capital gains tax,2027-28,0.00,,,," Method: Native annual model year 2027; individual registry scenario, both sides share declared static controls.. Run SHA 6fa2f5f0d795e14dc1e1367a4e45609815149678."
H2,7 surcharge,2028-29,0.00,,,," Method: Native annual model year 2028; individual registry scenario, both sides share declared static controls.. Run SHA 6fa2f5f0d795e14dc1e1367a4e45609815149678."
H2,8 State Pension uprating,2030-31,0.00,,,,"Reviewed reform now scales household State Pension by the Annex reform/baseline ratio before tax and guarantee-credit effects. FullNEW reported278*52 is a source input; scorer does not override pension outputs. H8 basic-pension amount uses declared native-level assumption; guarantee-credit offset is logged. PC earnings baseline remains native CPI. Additional/protected pension treatment is outside these specimen facts and not validated. Method: Native annual model year 2030; individual registry scenario, both sides share declared static controls.. Run SHA 6fa2f5f0d795e14dc1e1367a4e45609815149678."
H3,1 fuel duty,2027-28,0.00,,,,"Annex dated fuel baseline/reform paths present in reviewed implementation; this row uses explicit fiscal monthly conversion, not a national-output rebasing claim. Method: Actual engine monthly fuel_duty summed Apr2027–Mar2028, annual litres/12 eachmonth; prescribed20%pumpVAT added to that observed duty delta. Annual native net output retained separately; no policy rates replaced.. Run SHA 6fa2f5f0d795e14dc1e1367a4e45609815149678."
H3,2 electricity VAT,2027-28,42.86,,,,"Float32 precision: actual fiscal net-income subtraction 42.85839844; actual VAT-component net change 42.85717773. Keep observed net amount; no oracle replacement. Method: Sum isolated calendar2027 and2028 net effects, which implementation allocates9/12and3/12 solely to Apr2027–Mar2028. No second9/12or3/12proration.. Run SHA 6fa2f5f0d795e14dc1e1367a4e45609815149678."
H3,3 energy payment,2026-27,0.00,,,,"Payment uses FY2026model output; source now restricts to GB and UC or guarantee-credit receipt. Annual2026receipt remains declared proxy for1Dec2026, not exact-date model validation; nextyear2027output retained as one-off check. Method: Native annual model year 2026; individual registry scenario, both sides share declared static controls.. Run SHA 6fa2f5f0d795e14dc1e1367a4e45609815149678."
H3,4 State Pension Personal Allowance,2027-28,93.28,,,,"Pension Credit minimum guarantee follows the Annex earnings path in both scenarios. Prior specimen inputs and shared static employer-NI controls are retained. H3 claims_pension_credit=False enforces the stated zero Pension Credit receipt through non-claiming. It does not establish statutory non-entitlement; the 2030 baseline entitlement remains £178.04 while received Pension Credit is £0. The prior core run already used would_claim_pc=False. Method: fresh core registry scenario, with the Python adapter claim flag checked separately. Run SHA c156e8b7d2e4434d8dd8994c47746bd4aab885f3."
H3,5 employer NICs,2027-28,0.00,,,,"STATICcontrol:gov.contrib.policyengine.employer_ni.{employee_incidence,consumer_incidence,capital_incidence}=0 bothscenarios. Employer saving excluded from householdincome; reviewedAnnexthreshold5000→5500; no employer cost is counted as householdincome. Method: Native annual model year 2027; individual registry scenario, both sides share declared static controls.. Run SHA 6fa2f5f0d795e14dc1e1367a4e45609815149678."
H3,6 capital gains tax,2027-28,0.00,,,," Method: Native annual model year 2027; individual registry scenario, both sides share declared static controls.. Run SHA 6fa2f5f0d795e14dc1e1367a4e45609815149678."
H3,7 surcharge,2028-29,0.00,,,," Method: Native annual model year 2028; individual registry scenario, both sides share declared static controls.. Run SHA 6fa2f5f0d795e14dc1e1367a4e45609815149678."
H3,8 State Pension uprating,2030-31,-101.04,,,,"Pension Credit minimum guarantee follows the Annex earnings path in both scenarios. Prior specimen inputs and shared static employer-NI controls are retained. H3 claims_pension_credit=False enforces the stated zero Pension Credit receipt through non-claiming. It does not establish statutory non-entitlement; the 2030 baseline entitlement remains £178.04 while received Pension Credit is £0. The prior core run already used would_claim_pc=False. Method: fresh core registry scenario, with the Python adapter claim flag checked separately. Run SHA c156e8b7d2e4434d8dd8994c47746bd4aab885f3."
H4,1 fuel duty,2027-28,93.96,,,,"Annex dated fuel baseline/reform paths present in reviewed implementation; this row uses explicit fiscal monthly conversion, not a national-output rebasing claim. Method: Actual engine monthly fuel_duty summed Apr2027–Mar2028, annual litres/12 eachmonth; prescribed20%pumpVAT added to that observed duty delta. Annual native net output retained separately; no policy rates replaced.. Run SHA 6fa2f5f0d795e14dc1e1367a4e45609815149678."
H4,2 electricity VAT,2027-28,0.00,,,," Method: Sum isolated calendar2027 and2028 net effects, which implementation allocates9/12and3/12 solely to Apr2027–Mar2028. No second9/12or3/12proration.. Run SHA 6fa2f5f0d795e14dc1e1367a4e45609815149678."
H4,3 energy payment,2026-27,0.00,,,,"Payment uses FY2026model output; source now restricts to GB and UC or guarantee-credit receipt. Annual2026receipt remains declared proxy for1Dec2026, not exact-date model validation; nextyear2027output retained as one-off check. Method: Native annual model year 2026; individual registry scenario, both sides share declared static controls.. Run SHA 6fa2f5f0d795e14dc1e1367a4e45609815149678."
H4,4 State Pension Personal Allowance,2027-28,0.00,,,," Method: Native annual model year 2027; individual registry scenario, both sides share declared static controls.. Run SHA 6fa2f5f0d795e14dc1e1367a4e45609815149678."
H4,5 employer NICs,2027-28,0.00,,,,"STATICcontrol:gov.contrib.policyengine.employer_ni.{employee_incidence,consumer_incidence,capital_incidence}=0 bothscenarios. Employer saving excluded from householdincome; reviewedAnnexthreshold5000→5500; no employer cost is counted as householdincome. Method: Native annual model year 2027; individual registry scenario, both sides share declared static controls.. Run SHA 6fa2f5f0d795e14dc1e1367a4e45609815149678."
H4,6 capital gains tax,2027-28,0.00,,,," Method: Native annual model year 2027; individual registry scenario, both sides share declared static controls.. Run SHA 6fa2f5f0d795e14dc1e1367a4e45609815149678."
H4,7 surcharge,2028-29,0.00,,,," Method: Native annual model year 2028; individual registry scenario, both sides share declared static controls.. Run SHA 6fa2f5f0d795e14dc1e1367a4e45609815149678."
H4,8 State Pension uprating,2030-31,0.00,,,,"Reviewed reform now scales household State Pension by the Annex reform/baseline ratio before tax and guarantee-credit effects. FullNEW reported278*52 is a source input; scorer does not override pension outputs. H8 basic-pension amount uses declared native-level assumption; guarantee-credit offset is logged. PC earnings baseline remains native CPI. Additional/protected pension treatment is outside these specimen facts and not validated. Method: Native annual model year 2030; individual registry scenario, both sides share declared static controls.. Run SHA 6fa2f5f0d795e14dc1e1367a4e45609815149678."
H5,1 fuel duty,2027-28,50.11,,,,"Annex dated fuel baseline/reform paths present in reviewed implementation; this row uses explicit fiscal monthly conversion, not a national-output rebasing claim. Method: Actual engine monthly fuel_duty summed Apr2027–Mar2028, annual litres/12 eachmonth; prescribed20%pumpVAT added to that observed duty delta. Annual native net output retained separately; no policy rates replaced.. Run SHA 6fa2f5f0d795e14dc1e1367a4e45609815149678."
H5,2 electricity VAT,2027-28,66.66,,,,"Float32 precision: actual fiscal net-income subtraction 66.66406250; actual VAT-component net change 66.66699219. Keep observed net amount; no oracle replacement. Method: Sum isolated calendar2027 and2028 net effects, which implementation allocates9/12and3/12 solely to Apr2027–Mar2028. No second9/12or3/12proration.. Run SHA 6fa2f5f0d795e14dc1e1367a4e45609815149678."
H5,3 energy payment,2026-27,0.00,,,,"Payment uses FY2026model output; source now restricts to GB and UC or guarantee-credit receipt. Annual2026receipt remains declared proxy for1Dec2026, not exact-date model validation; nextyear2027output retained as one-off check. Method: Native annual model year 2026; individual registry scenario, both sides share declared static controls.. Run SHA 6fa2f5f0d795e14dc1e1367a4e45609815149678."
H5,4 State Pension Personal Allowance,2027-28,0.00,,,,"Pension Credit minimum guarantee follows the Annex earnings path in both scenarios. Prior specimen inputs and shared static employer-NI controls are retained. Method: fresh core registry scenario, with the Python adapter claim flag checked separately. Run SHA c156e8b7d2e4434d8dd8994c47746bd4aab885f3."
H5,5 employer NICs,2027-28,0.00,,,,"STATICcontrol:gov.contrib.policyengine.employer_ni.{employee_incidence,consumer_incidence,capital_incidence}=0 bothscenarios. Employer saving excluded from householdincome; reviewedAnnexthreshold5000→5500; no employer cost is counted as householdincome. Method: Native annual model year 2027; individual registry scenario, both sides share declared static controls.. Run SHA 6fa2f5f0d795e14dc1e1367a4e45609815149678."
H5,6 capital gains tax,2027-28,0.00,,,," Method: Native annual model year 2027; individual registry scenario, both sides share declared static controls.. Run SHA 6fa2f5f0d795e14dc1e1367a4e45609815149678."
H5,7 surcharge,2028-29,-1500.00,,,," Method: Native annual model year 2028; individual registry scenario, both sides share declared static controls.. Run SHA 6fa2f5f0d795e14dc1e1367a4e45609815149678."
H5,8 State Pension uprating,2030-31,-202.08,,,,"Pension Credit minimum guarantee follows the Annex earnings path in both scenarios. Prior specimen inputs and shared static employer-NI controls are retained. Observed net -£202.078125 rounds to -£202.08; the component ledger is -£202.070313. The existing one-penny precision difference is retained. Method: fresh core registry scenario, with the Python adapter claim flag checked separately. Run SHA c156e8b7d2e4434d8dd8994c47746bd4aab885f3."
H6,1 fuel duty,2027-28,0.00,,,,"Annex dated fuel baseline/reform paths present in reviewed implementation; this row uses explicit fiscal monthly conversion, not a national-output rebasing claim. Method: Actual engine monthly fuel_duty summed Apr2027–Mar2028, annual litres/12 eachmonth; prescribed20%pumpVAT added to that observed duty delta. Annual native net output retained separately; no policy rates replaced.. Run SHA 6fa2f5f0d795e14dc1e1367a4e45609815149678."
H6,2 electricity VAT,2027-28,47.63,,,,"Float32 precision: actual fiscal net-income subtraction 47.62500000; actual VAT-component net change 47.61816406. Keep observed net amount; no oracle replacement. Method: Sum isolated calendar2027 and2028 net effects, which implementation allocates9/12and3/12 solely to Apr2027–Mar2028. No second9/12or3/12proration.. Run SHA 6fa2f5f0d795e14dc1e1367a4e45609815149678."
H6,3 energy payment,2026-27,0.00,,,,"Payment uses FY2026model output; source now restricts to GB and UC or guarantee-credit receipt. Annual2026receipt remains declared proxy for1Dec2026, not exact-date model validation; nextyear2027output retained as one-off check. Method: Native annual model year 2026; individual registry scenario, both sides share declared static controls.. Run SHA 6fa2f5f0d795e14dc1e1367a4e45609815149678."
H6,4 State Pension Personal Allowance,2027-28,0.00,,,," Method: Native annual model year 2027; individual registry scenario, both sides share declared static controls.. Run SHA 6fa2f5f0d795e14dc1e1367a4e45609815149678."
H6,5 employer NICs,2027-28,0.00,,,,"STATICcontrol:gov.contrib.policyengine.employer_ni.{employee_incidence,consumer_incidence,capital_incidence}=0 bothscenarios. Employer saving excluded from householdincome; reviewedAnnexthreshold5000→5500; no employer cost is counted as householdincome. Method: Native annual model year 2027; individual registry scenario, both sides share declared static controls.. Run SHA 6fa2f5f0d795e14dc1e1367a4e45609815149678."
H6,6 capital gains tax,2027-28,0.00,,,," Method: Native annual model year 2027; individual registry scenario, both sides share declared static controls.. Run SHA 6fa2f5f0d795e14dc1e1367a4e45609815149678."
H6,7 surcharge,2028-29,0.00,,,," Method: Native annual model year 2028; individual registry scenario, both sides share declared static controls.. Run SHA 6fa2f5f0d795e14dc1e1367a4e45609815149678."
H6,8 State Pension uprating,2030-31,0.00,,,,"Reviewed reform now scales household State Pension by the Annex reform/baseline ratio before tax and guarantee-credit effects. FullNEW reported278*52 is a source input; scorer does not override pension outputs. H8 basic-pension amount uses declared native-level assumption; guarantee-credit offset is logged. PC earnings baseline remains native CPI. Additional/protected pension treatment is outside these specimen facts and not validated. Method: Native annual model year 2030; individual registry scenario, both sides share declared static controls.. Run SHA 6fa2f5f0d795e14dc1e1367a4e45609815149678."
H7,1 fuel duty,2027-28,62.64,,,,"Annex dated fuel baseline/reform paths present in reviewed implementation; this row uses explicit fiscal monthly conversion, not a national-output rebasing claim. Method: Actual engine monthly fuel_duty summed Apr2027–Mar2028, annual litres/12 eachmonth; prescribed20%pumpVAT added to that observed duty delta. Annual native net output retained separately; no policy rates replaced.. Run SHA 6fa2f5f0d795e14dc1e1367a4e45609815149678."
H7,2 electricity VAT,2027-28,50.00,,,," Method: Sum isolated calendar2027 and2028 net effects, which implementation allocates9/12and3/12 solely to Apr2027–Mar2028. No second9/12or3/12proration.. Run SHA 6fa2f5f0d795e14dc1e1367a4e45609815149678."
H7,3 energy payment,2026-27,0.00,,,,"Payment uses FY2026model output; source now restricts to GB and UC or guarantee-credit receipt. Annual2026receipt remains declared proxy for1Dec2026, not exact-date model validation; nextyear2027output retained as one-off check. Method: Native annual model year 2026; individual registry scenario, both sides share declared static controls.. Run SHA 6fa2f5f0d795e14dc1e1367a4e45609815149678."
H7,4 State Pension Personal Allowance,2027-28,0.00,,,," Method: Native annual model year 2027; individual registry scenario, both sides share declared static controls.. Run SHA 6fa2f5f0d795e14dc1e1367a4e45609815149678."
H7,5 employer NICs,2027-28,0.00,,,,"STATICcontrol:gov.contrib.policyengine.employer_ni.{employee_incidence,consumer_incidence,capital_incidence}=0 bothscenarios. Employer saving excluded from householdincome; reviewedAnnexthreshold5000→5500; no employer cost is counted as householdincome. Method: Native annual model year 2027; individual registry scenario, both sides share declared static controls.. Run SHA 6fa2f5f0d795e14dc1e1367a4e45609815149678."
H7,6 capital gains tax,2027-28,-574.60,,,," Method: Native annual model year 2027; individual registry scenario, both sides share declared static controls.. Run SHA 6fa2f5f0d795e14dc1e1367a4e45609815149678."
H7,7 surcharge,2028-29,0.00,,,," Method: Native annual model year 2028; individual registry scenario, both sides share declared static controls.. Run SHA 6fa2f5f0d795e14dc1e1367a4e45609815149678."
H7,8 State Pension uprating,2030-31,0.00,,,,"Reviewed reform now scales household State Pension by the Annex reform/baseline ratio before tax and guarantee-credit effects. FullNEW reported278*52 is a source input; scorer does not override pension outputs. H8 basic-pension amount uses declared native-level assumption; guarantee-credit offset is logged. PC earnings baseline remains native CPI. Additional/protected pension treatment is outside these specimen facts and not validated. Method: Native annual model year 2030; individual registry scenario, both sides share declared static controls.. Run SHA 6fa2f5f0d795e14dc1e1367a4e45609815149678."
H8,1 fuel duty,2027-28,0.00,,,,"Annex dated fuel baseline/reform paths present in reviewed implementation; this row uses explicit fiscal monthly conversion, not a national-output rebasing claim.; H8rentmissing:0assumed; basicSPnativelevel; PCguarantee output logged. Method: Actual engine monthly fuel_duty summed Apr2027–Mar2028, annual litres/12 eachmonth; prescribed20%pumpVAT added to that observed duty delta. Annual native net output retained separately; no policy rates replaced.. Run SHA 6fa2f5f0d795e14dc1e1367a4e45609815149678."
H8,2 electricity VAT,2027-28,38.09,,,,"Float32 precision: actual fiscal net-income subtraction 38.09472656; actual VAT-component net change 38.09545898. Keep observed net amount; no oracle replacement.; H8rentmissing:0assumed; basicSPnativelevel; PCguarantee output logged. Method: Sum isolated calendar2027 and2028 net effects, which implementation allocates9/12and3/12 solely to Apr2027–Mar2028. No second9/12or3/12proration.. Run SHA 6fa2f5f0d795e14dc1e1367a4e45609815149678."
H8,3 energy payment,2026-27,150.00,,,,"Payment uses FY2026model output; source now restricts to GB and UC or guarantee-credit receipt. Annual2026receipt remains declared proxy for1Dec2026, not exact-date model validation; nextyear2027output retained as one-off check.; H8rentmissing:0assumed; basicSPnativelevel; PCguarantee output logged. Method: Native annual model year 2026; individual registry scenario, both sides share declared static controls.. Run SHA 6fa2f5f0d795e14dc1e1367a4e45609815149678."
H8,4 State Pension Personal Allowance,2027-28,0.00,,,,"Pension Credit minimum guarantee follows the Annex earnings path in both scenarios. Prior specimen inputs and shared static employer-NI controls are retained. H8 claims Pension Credit. In 2030, received Pension Credit rises £93.986328 to offset the same basic-pension loss. Prior native-level basic-pension and unspecified-rent=0 assumptions remain. Method: fresh core registry scenario, with the Python adapter claim flag checked separately. Run SHA c156e8b7d2e4434d8dd8994c47746bd4aab885f3."
H8,5 employer NICs,2027-28,0.00,,,,"STATICcontrol:gov.contrib.policyengine.employer_ni.{employee_incidence,consumer_incidence,capital_incidence}=0 bothscenarios. Employer saving excluded from householdincome; reviewedAnnexthreshold5000→5500; no employer cost is counted as householdincome.; H8rentmissing:0assumed; basicSPnativelevel; PCguarantee output logged. Method: Native annual model year 2027; individual registry scenario, both sides share declared static controls.. Run SHA 6fa2f5f0d795e14dc1e1367a4e45609815149678."
H8,6 capital gains tax,2027-28,0.00,,,,"H8rentmissing:0assumed; basicSPnativelevel; PCguarantee output logged. Method: Native annual model year 2027; individual registry scenario, both sides share declared static controls.. Run SHA 6fa2f5f0d795e14dc1e1367a4e45609815149678."
H8,7 surcharge,2028-29,0.00,,,,"H8rentmissing:0assumed; basicSPnativelevel; PCguarantee output logged. Method: Native annual model year 2028; individual registry scenario, both sides share declared static controls.. Run SHA 6fa2f5f0d795e14dc1e1367a4e45609815149678."
H8,8 State Pension uprating,2030-31,0.00,,,,"Pension Credit minimum guarantee follows the Annex earnings path in both scenarios. Prior specimen inputs and shared static employer-NI controls are retained. H8 claims Pension Credit. In 2030, received Pension Credit rises £93.986328 to offset the same basic-pension loss. Prior native-level basic-pension and unspecified-rent=0 assumptions remain. Method: fresh core registry scenario, with the Python adapter claim flag checked separately. Run SHA c156e8b7d2e4434d8dd8994c47746bd4aab885f3."
H9,1 fuel duty,2027-28,62.64,,,,"Annex dated fuel baseline/reform paths present in reviewed implementation; this row uses explicit fiscal monthly conversion, not a national-output rebasing claim. Method: Actual engine monthly fuel_duty summed Apr2027–Mar2028, annual litres/12 eachmonth; prescribed20%pumpVAT added to that observed duty delta. Annual native net output retained separately; no policy rates replaced.. Run SHA 6fa2f5f0d795e14dc1e1367a4e45609815149678."
H9,2 electricity VAT,2027-28,47.62,,,," Method: Sum isolated calendar2027 and2028 net effects, which implementation allocates9/12and3/12 solely to Apr2027–Mar2028. No second9/12or3/12proration.. Run SHA 6fa2f5f0d795e14dc1e1367a4e45609815149678."
H9,3 energy payment,2026-27,0.00,,,,"Payment uses FY2026model output; source now restricts to GB and UC or guarantee-credit receipt. Annual2026receipt remains declared proxy for1Dec2026, not exact-date model validation; nextyear2027output retained as one-off check. Method: Native annual model year 2026; individual registry scenario, both sides share declared static controls.. Run SHA 6fa2f5f0d795e14dc1e1367a4e45609815149678."
H9,4 State Pension Personal Allowance,2027-28,0.00,,,," Method: Native annual model year 2027; individual registry scenario, both sides share declared static controls.. Run SHA 6fa2f5f0d795e14dc1e1367a4e45609815149678."
H9,5 employer NICs,2027-28,0.00,,,,"STATICcontrol:gov.contrib.policyengine.employer_ni.{employee_incidence,consumer_incidence,capital_incidence}=0 bothscenarios. Employer saving excluded from householdincome; reviewedAnnexthreshold5000→5500; no employer cost is counted as householdincome. Method: Native annual model year 2027; individual registry scenario, both sides share declared static controls.. Run SHA 6fa2f5f0d795e14dc1e1367a4e45609815149678."
H9,6 capital gains tax,2027-28,-140.00,,,," Method: Native annual model year 2027; individual registry scenario, both sides share declared static controls.. Run SHA 6fa2f5f0d795e14dc1e1367a4e45609815149678."
H9,7 surcharge,2028-29,0.00,,,," Method: Native annual model year 2028; individual registry scenario, both sides share declared static controls.. Run SHA 6fa2f5f0d795e14dc1e1367a4e45609815149678."
H9,8 State Pension uprating,2030-31,0.00,,,,"Reviewed reform now scales household State Pension by the Annex reform/baseline ratio before tax and guarantee-credit effects. FullNEW reported278*52 is a source input; scorer does not override pension outputs. H8 basic-pension amount uses declared native-level assumption; guarantee-credit offset is logged. PC earnings baseline remains native CPI. Additional/protected pension treatment is outside these specimen facts and not validated. Method: Native annual model year 2030; individual registry scenario, both sides share declared static controls.. Run SHA 6fa2f5f0d795e14dc1e1367a4e45609815149678."
H10,1 fuel duty,2027-28,0.00,,,,"Annex dated fuel baseline/reform paths present in reviewed implementation; this row uses explicit fiscal monthly conversion, not a national-output rebasing claim. Method: Actual engine monthly fuel_duty summed Apr2027–Mar2028, annual litres/12 eachmonth; prescribed20%pumpVAT added to that observed duty delta. Annual native net output retained separately; no policy rates replaced.. Run SHA 6fa2f5f0d795e14dc1e1367a4e45609815149678."
H10,2 electricity VAT,2027-28,80.95,,,,"Float32 precision: actual fiscal net-income subtraction 80.95117188; actual VAT-component net change 80.95263672. Keep observed net amount; no oracle replacement. Method: Sum isolated calendar2027 and2028 net effects, which implementation allocates9/12and3/12 solely to Apr2027–Mar2028. No second9/12or3/12proration.. Run SHA 6fa2f5f0d795e14dc1e1367a4e45609815149678."
H10,3 energy payment,2026-27,150.00,,,,"Payment uses FY2026model output; source now restricts to GB and UC or guarantee-credit receipt. Annual2026receipt remains declared proxy for1Dec2026, not exact-date model validation; nextyear2027output retained as one-off check. Method: Native annual model year 2026; individual registry scenario, both sides share declared static controls.. Run SHA 6fa2f5f0d795e14dc1e1367a4e45609815149678."
H10,4 State Pension Personal Allowance,2027-28,0.00,,,," Method: Native annual model year 2027; individual registry scenario, both sides share declared static controls.. Run SHA 6fa2f5f0d795e14dc1e1367a4e45609815149678."
H10,5 employer NICs,2027-28,0.00,,,,"STATICcontrol:gov.contrib.policyengine.employer_ni.{employee_incidence,consumer_incidence,capital_incidence}=0 bothscenarios. Employer saving excluded from householdincome; reviewedAnnexthreshold5000→5500; no employer cost is counted as householdincome. Method: Native annual model year 2027; individual registry scenario, both sides share declared static controls.. Run SHA 6fa2f5f0d795e14dc1e1367a4e45609815149678."
H10,6 capital gains tax,2027-28,0.00,,,," Method: Native annual model year 2027; individual registry scenario, both sides share declared static controls.. Run SHA 6fa2f5f0d795e14dc1e1367a4e45609815149678."
H10,7 surcharge,2028-29,0.00,,,," Method: Native annual model year 2028; individual registry scenario, both sides share declared static controls.. Run SHA 6fa2f5f0d795e14dc1e1367a4e45609815149678."
H10,8 State Pension uprating,2030-31,0.00,,,,"Reviewed reform now scales household State Pension by the Annex reform/baseline ratio before tax and guarantee-credit effects. FullNEW reported278*52 is a source input; scorer does not override pension outputs. H8 basic-pension amount uses declared native-level assumption; guarantee-credit offset is logged. PC earnings baseline remains native CPI. Additional/protected pension treatment is outside these specimen facts and not validated. Method: Native annual model year 2030; individual registry scenario, both sides share declared static controls.. Run SHA 6fa2f5f0d795e14dc1e1367a4e45609815149678."
