MOCK DATA: rehearsal Budget for PolicyEngine drill 2, 5 October 2026. Not a real Budget.
household,measure,scoring_year,team_change,key_statutory,key_policyengine,match,cause
H1,1 fuel duty,2027-28,,75.17,,,
H1,2 electricity VAT,2027-28,,45.24,,,
H1,3 energy payment,2026-27,,0.00,,,
H1,4 State Pension Personal Allowance,2027-28,,0.00,,,
H1,5 employer NICs,2027-28,,0.00,,,
H1,6 capital gains tax,2027-28,,0.00,,,
H1,7 surcharge,2028-29,,0.00,,,
H1,8 State Pension uprating,2030-31,,0.00,,,
H2,1 fuel duty,2027-28,,50.11,,,
H2,2 electricity VAT,2027-28,,54.76,,,
H2,3 energy payment,2026-27,,150.00,,,
H2,4 State Pension Personal Allowance,2027-28,,0.00,,,
H2,5 employer NICs,2027-28,,0.00,,,
H2,6 capital gains tax,2027-28,,0.00,,,
H2,7 surcharge,2028-29,,0.00,,,
H2,8 State Pension uprating,2030-31,,0.00,,,
H3,1 fuel duty,2027-28,,0.00,,,
H3,2 electricity VAT,2027-28,,42.86,,,
H3,3 energy payment,2026-27,,0.00,,,
H3,4 State Pension Personal Allowance,2027-28,,93.28,,,
H3,5 employer NICs,2027-28,,0.00,,,
H3,6 capital gains tax,2027-28,,0.00,,,
H3,7 surcharge,2028-29,,0.00,,,
H3,8 State Pension uprating,2030-31,,-101.92,,,
H4,1 fuel duty,2027-28,,93.96,,,
H4,2 electricity VAT,2027-28,,0.00,,,
H4,3 energy payment,2026-27,,0.00,,,
H4,4 State Pension Personal Allowance,2027-28,,0.00,,,
H4,5 employer NICs,2027-28,,0.00,,,
H4,6 capital gains tax,2027-28,,0.00,,,
H4,7 surcharge,2028-29,,0.00,,,
H4,8 State Pension uprating,2030-31,,0.00,,,
H5,1 fuel duty,2027-28,,50.11,,,
H5,2 electricity VAT,2027-28,,66.67,,,
H5,3 energy payment,2026-27,,0.00,,,
H5,4 State Pension Personal Allowance,2027-28,,0.00,,,
H5,5 employer NICs,2027-28,,0.00,,,
H5,6 capital gains tax,2027-28,,0.00,,,
H5,7 surcharge,2028-29,,-1500.00,,,
H5,8 State Pension uprating,2030-31,,-203.84,,,
H6,1 fuel duty,2027-28,,0.00,,,
H6,2 electricity VAT,2027-28,,47.62,,,
H6,3 energy payment,2026-27,,0.00,,,
H6,4 State Pension Personal Allowance,2027-28,,0.00,,,
H6,5 employer NICs,2027-28,,0.00,,,
H6,6 capital gains tax,2027-28,,0.00,,,
H6,7 surcharge,2028-29,,0.00,,,
H6,8 State Pension uprating,2030-31,,0.00,,,
H7,1 fuel duty,2027-28,,62.64,,,
H7,2 electricity VAT,2027-28,,50.00,,,
H7,3 energy payment,2026-27,,0.00,,,
H7,4 State Pension Personal Allowance,2027-28,,0.00,,,
H7,5 employer NICs,2027-28,,0.00,,,
H7,6 capital gains tax,2027-28,,-574.60,,,
H7,7 surcharge,2028-29,,0.00,,,
H7,8 State Pension uprating,2030-31,,0.00,,,
H8,1 fuel duty,2027-28,,0.00,,,
H8,2 electricity VAT,2027-28,,38.10,,,
H8,3 energy payment,2026-27,,150.00,,,
H8,4 State Pension Personal Allowance,2027-28,,0.00,,,
H8,5 employer NICs,2027-28,,0.00,,,
H8,6 capital gains tax,2027-28,,0.00,,,
H8,7 surcharge,2028-29,,0.00,,,
H8,8 State Pension uprating,2030-31,,0.00,,,
H9,1 fuel duty,2027-28,,62.64,,,
H9,2 electricity VAT,2027-28,,47.62,,,
H9,3 energy payment,2026-27,,0.00,,,
H9,4 State Pension Personal Allowance,2027-28,,0.00,,,
H9,5 employer NICs,2027-28,,0.00,,,
H9,6 capital gains tax,2027-28,,-140.00,,,
H9,7 surcharge,2028-29,,0.00,,,
H9,8 State Pension uprating,2030-31,,0.00,,,
H10,1 fuel duty,2027-28,,0.00,,,
H10,2 electricity VAT,2027-28,,80.95,,,
H10,3 energy payment,2026-27,,150.00,,,
H10,4 State Pension Personal Allowance,2027-28,,0.00,,,
H10,5 employer NICs,2027-28,,0.00,,,
H10,6 capital gains tax,2027-28,,0.00,,,
H10,7 surcharge,2028-29,,0.00,,,
H10,8 State Pension uprating,2030-31,,0.00,,,
