MOCK DATA: rehearsal Budget for PolicyEngine drill 3, 12 October 2026. Not a real Budget. Skip one line when reading this CSV.
measure_no,measure,fiscal_year,costing_static_m,table41_post_m,team_figure_m,team_basis,explanation_class_vs_static,explanation_class_vs_post,rationale,run_sha,rerun_after_later_correction
1,Threshold freeze extension,2026-27,,,,,,,,,
1,Threshold freeze extension,2027-28,,,,,,,,,
1,Threshold freeze extension,2028-29,,,,,,,,,
1,Threshold freeze extension,2029-30,,,,,,,,,
1,Threshold freeze extension,2030-31,,,,,,,,,
1,Threshold freeze extension,2031-32,,,,,,,,,
2,Pensioner Allowance,2026-27,,,,,,,,,
2,Pensioner Allowance,2027-28,,,,,,,,,
2,Pensioner Allowance,2028-29,,,,,,,,,
2,Pensioner Allowance,2029-30,,,,,,,,,
2,Pensioner Allowance,2030-31,,,,,,,,,
2,Pensioner Allowance,2031-32,,,,,,,,,
3,Warm Home Discount top-up,2026-27,,,,,,,,,
3,Warm Home Discount top-up,2027-28,,,,,,,,,
3,Warm Home Discount top-up,2028-29,,,,,,,,,
3,Warm Home Discount top-up,2029-30,,,,,,,,,
3,Warm Home Discount top-up,2030-31,,,,,,,,,
3,Warm Home Discount top-up,2031-32,,,,,,,,,
4,Capital Gains Tax,2026-27,,,,,,,,,
4,Capital Gains Tax,2027-28,,,,,,,,,
4,Capital Gains Tax,2028-29,,,,,,,,,
4,Capital Gains Tax,2029-30,,,,,,,,,
4,Capital Gains Tax,2030-31,,,,,,,,,
4,Capital Gains Tax,2031-32,,,,,,,,,
5,Employer NICs for under-22s,2026-27,,,,,,,,,
5,Employer NICs for under-22s,2027-28,,,,,,,,,
5,Employer NICs for under-22s,2028-29,,,,,,,,,
5,Employer NICs for under-22s,2029-30,,,,,,,,,
5,Employer NICs for under-22s,2030-31,,,,,,,,,
5,Employer NICs for under-22s,2031-32,,,,,,,,,
6,High Value Council Tax Surcharge bands,2026-27,,,,,,,,,
6,High Value Council Tax Surcharge bands,2027-28,,,,,,,,,
6,High Value Council Tax Surcharge bands,2028-29,,,,,,,,,
6,High Value Council Tax Surcharge bands,2029-30,,,,,,,,,
6,High Value Council Tax Surcharge bands,2030-31,,,,,,,,,
6,High Value Council Tax Surcharge bands,2031-32,,,,,,,,,
7,Additional rate threshold,2026-27,,,,,,,,,
7,Additional rate threshold,2027-28,,,,,,,,,
7,Additional rate threshold,2028-29,,,,,,,,,
7,Additional rate threshold,2029-30,,,,,,,,,
7,Additional rate threshold,2030-31,,,,,,,,,
7,Additional rate threshold,2031-32,,,,,,,,,
8,Local Housing Allowance,2026-27,,,,,,,,,
8,Local Housing Allowance,2027-28,,,,,,,,,
8,Local Housing Allowance,2028-29,,,,,,,,,
8,Local Housing Allowance,2029-30,,,,,,,,,
8,Local Housing Allowance,2030-31,,,,,,,,,
8,Local Housing Allowance,2031-32,,,,,,,,,
9,Fuel duty,2026-27,,,,,,,,,
9,Fuel duty,2027-28,,,,,,,,,
9,Fuel duty,2028-29,,,,,,,,,
9,Fuel duty,2029-30,,,,,,,,,
9,Fuel duty,2030-31,,,,,,,,,
9,Fuel duty,2031-32,,,,,,,,,
10,Class 4 NICs,2026-27,,,,,,,,,
10,Class 4 NICs,2027-28,,,,,,,,,
10,Class 4 NICs,2028-29,,,,,,,,,
10,Class 4 NICs,2029-30,,,,,,,,,
10,Class 4 NICs,2030-31,,,,,,,,,
10,Class 4 NICs,2031-32,,,,,,,,,
1+2,Interaction of measures 1 and 2,2031-32,,,,,,,,,
20,Pension salary-sacrifice cap,2026-27,,,,,,,,,
20,Pension salary-sacrifice cap,2027-28,,,,,,,,,
20,Pension salary-sacrifice cap,2028-29,,,,,,,,,
20,Pension salary-sacrifice cap,2029-30,,,,,,,,,
20,Pension salary-sacrifice cap,2030-31,,,,,,,,,
20,Pension salary-sacrifice cap,2031-32,,,,,,,,,
