MOCK DATA: rehearsal Budget for PolicyEngine drill 1, 28 September 2026. Not a real Budget.
household,measure,model_year,team_change,key_statutory,key_policyengine,match,cause
H1,1 fuel duty,2027,39.35,,,,
H1,2 energy VAT,2027,58.93,,,,
H1,3 Child Benefit,2027,0,,,,
H1,4 NICs thresholds,2027,34.4,,,,
H1,all four (1 to 4),2027,132.68,,,,
H1,5 surcharge,2028,0,,,,
H2,1 fuel duty,2027,35.42,,,,
H2,2 energy VAT,2027,67.86,,,,
H2,3 Child Benefit,2027,197.6,,,,
H2,4 NICs thresholds,2027,15.48,,,,
H2,all four (1 to 4),2027,316.35,,,,
H2,5 surcharge,2028,0,,,,
H3,1 fuel duty,2027,0,,,,
H3,2 energy VAT,2027,53.57,,,,
H3,3 Child Benefit,2027,0,,,,
H3,4 NICs thresholds,2027,0,,,,
H3,all four (1 to 4),2027,53.57,,,,
H3,5 surcharge,2028,0,,,,
H4,1 fuel duty,2027,51.16,,,,
H4,2 energy VAT,2027,82.14,,,,
H4,3 Child Benefit,2027,98.8,,,,
H4,4 NICs thresholds,2027,34.41,,,,
H4,all four (1 to 4),2027,266.5,,,,
H4,5 surcharge,2028,0,,,,
H5,1 fuel duty,2027,55.09,,,,
H5,2 energy VAT,2027,92.86,,,,
H5,3 Child Benefit,2027,0,,,,
H5,4 NICs thresholds,2027,68.81,,,,
H5,all four (1 to 4),2027,216.75,,,,
H5,5 surcharge,2028,0,,,,
H6,1 fuel duty,2027,43.29,,,,
H6,2 energy VAT,2027,60.71,,,,
H6,3 Child Benefit,2027,0,,,,
H6,4 NICs thresholds,2027,25.8,,,,
H6,all four (1 to 4),2027,129.8,,,,
H6,5 surcharge,2028,0,,,,
H7,1 fuel duty,2027,0,,,,
H7,2 energy VAT,2027,50,,,,
H7,3 Child Benefit,2027,114.4,,,,
H7,4 NICs thresholds,2027,0,,,,
H7,all four (1 to 4),2027,164.4,,,,
H7,5 surcharge,2028,0,,,,
H8,1 fuel duty,2027,35.42,,,,
H8,2 energy VAT,2027,85.71,,,,
H8,3 Child Benefit,2027,0,,,,
H8,4 NICs thresholds,2027,0,,,,
H8,all four (1 to 4),2027,121.13,,,,
H8,5 surcharge,2028,-2500,,,,
H9,1 fuel duty,2027,43.29,,,,
H9,2 energy VAT,2027,103.57,,,,
H9,3 Child Benefit,2027,0,,,,
H9,4 NICs thresholds,2027,34.41,,,,
H9,all four (1 to 4),2027,181.25,,,,
H9,5 surcharge,2028,0,,,,
